{"projectOwner":"Jake Blues",
"projectName":"MySmartThingy",
"lastUpdate":"2020-03-30 12:58",
"devicesList":[
        {
            "deviceID":1,
            "deviceName":"DHT11",
            "measureType":["Temperature","Humidity"],
            "availableServices":["MQTT","REST"],
            "servicesDetails":[
                    {
                    "serviceType":"MQTT",
                    "serviceIP":"mqtt.eclipse.org",
                    "topic":["MySmartThingy/1/temp","MySmartThingy/1/hum"]
                    },
                    {
                        "serviceType":"REST",
                        "serviceIP":"dht11.org:8080"
                    }
                ],
            "lastUpdate":"2020-03-30"
        },
        {
            "deviceID":2,
            "deviceName":"VCNL4010",
            "measureType":["Proximity"],
            "availableServices":["MQTT"],
            "servicesDetails":[
                    {
                    "serviceType":"MQTT",
                    "serviceIP":"mqtt.eclipse.org",
                    "topic":["MySmartThingy/2/proximity"]
                    }
                ],
            "lastUpdate":"2020-03-30"
        },
        {
            "deviceID":3,
            "deviceName":"DHT11",
            "measureType":["Temperature"],
            "availableServices":["REST"],
            "servicesDetails":[
                    {
                    "serviceType":"MQTT",
                    "serviceIP":"mqtt.eclipse.org",
                    "topic":["MySmartThingy/3/temp","MySmartThingy/3/hum"]
                    }
                ],
            "lastUpdate":"2020-03-30"
        }      
    ]
}